id,material_name,video_url
1326824,BJ-yy-llz-EN-Love and Bloodlust at Vampire Academy(英语）-迭代-FB-视频-混剪-自主扎自己-0302-2,https://hwmat-enc.ikyuedu.com/encode/onl/market/material/video/20260302/oss_web/1772421579015_b4vg07.mp4
1326825,BJ-yy-llz-EN-Love and Bloodlust at Vampire Academy(英语）-迭代-FB-视频-新形式-自主出场-0302-1,https://hwmat-enc.ikyuedu.com/encode/onl/market/material/video/20260302/oss_web/1772421579015_z1g1ka.mp4
1326826,BJ-yy-llz-EN-Love and Bloodlust at Vampire Academy(英语）-迭代-FB-视频-混剪-自主开门-0302-4,https://hwmat-enc.ikyuedu.com/encode/onl/market/material/video/20260302/oss_web/1772421579014_rk1m7w.mp4
1326827,BJ-yy-llz-EN-Love and Bloodlust at Vampire Academy(英语）-迭代-FB-视频-混剪-自主做梦-0302-5,https://hwmat-enc.ikyuedu.com/encode/onl/market/material/video/20260302/oss_web/1772421579015_99ue23.mp4
1326828,BJ-yy-llz-EN-Love and Bloodlust at Vampire Academy(英语）-迭代-FB-视频-混剪-自主心动-0302-3,https://hwmat-enc.ikyuedu.com/encode/onl/market/material/video/20260302/oss_web/1772421579014_rfy1lv.mp4
1326832,BJ-yy-fmm-EN-Love and Bloodlust at Vampire Academy(英语）-迭代-FB-视频-测试-新形式-春梦-0302-1,https://hwmat-enc.ikyuedu.com/encode/onl/market/material/video/20260302/oss_web/1772422394936_uraqet.mp4
1326833,BJ-yy-fmm-EN-Love and Bloodlust at Vampire Academy(英语）-迭代-FB-视频-测试-混剪-女朋友-0302-4,https://hwmat-enc.ikyuedu.com/encode/onl/market/material/video/20260302/oss_web/1772422394937_tjzmls.mp4
1326834,BJ-yy-fmm-EN-Love and Bloodlust at Vampire Academy(英语）-迭代-FB-视频-测试-混剪-开门-0302-2,https://hwmat-enc.ikyuedu.com/encode/onl/market/material/video/20260302/oss_web/1772422394937_wfnvfj.mp4
1326835,BJ-yy-fmm-EN-Love and Bloodlust at Vampire Academy(英语）-迭代-FB-视频-测试-混剪-木钉-0302-3,https://hwmat-enc.ikyuedu.com/encode/onl/market/material/video/20260302/oss_web/1772422394937_ia2ytv.mp4
1326836,BJ-yy-llz-EN-Love and Bloodlust at Vampire Academy(英语）-迭代-GG-视频-新形式-自主登场-0302-1,https://hwmat-enc.ikyuedu.com/encode/onl/market/material/video/20260302/oss_web/1772422663852_rpqj1x.mp4
1326837,BJ-yy-llz-EN-Love and Bloodlust at Vampire Academy(英语）-迭代-GG-视频-新形式-自主入侵-0302-3,https://hwmat-enc.ikyuedu.com/encode/onl/market/material/video/20260302/oss_web/1772422663853_ajkk25.mp4
1326838,BJ-yy-llz-EN-Love and Bloodlust at Vampire Academy(英语）-迭代-GG-视频-混剪-自主跪下-0302-2,https://hwmat-enc.ikyuedu.com/encode/onl/market/material/video/20260302/oss_web/1772422663853_p5bmh9.mp4
1326861,BJ-yy-llz-EN-Love and Bloodlust at Vampire Academy(英语）-迭代-GG-视频-新形式-自主入侵-0302-3,https://hwmat-enc.ikyuedu.com/encode/onl/market/material/video/20260302/oss_web/1772430363625_gpu0s2.mp4
1326862,BJ-yzt-xd-EN-Love and Bloodlust at Vampire Academy-迭代-FB-视频-混剪-跪下-0302-2,https://hwmat-enc.ikyuedu.com/encode/onl/market/material/video/20260302/oss_web/1772430651322_a3av3k.mp4
1326863,BJ-yzt-xd-EN-Love and Bloodlust at Vampire Academy-迭代-FB-视频-混剪-诱惑-0302-4,https://hwmat-enc.ikyuedu.com/encode/onl/market/material/video/20260302/oss_web/1772430651323_avz3xv.mp4
1326864,BJ-yzt-xd-EN-Love and Bloodlust at Vampire Academy-迭代-FB-视频-混剪-浴室控制-0302-1,https://hwmat-enc.ikyuedu.com/encode/onl/market/material/video/20260302/oss_web/1772430651324_yz3320.mp4
1326865,BJ-yzt-xd-EN-Love and Bloodlust at Vampire Academy-迭代-FB-视频-混剪-刺杀-0302-3,https://hwmat-enc.ikyuedu.com/encode/onl/market/material/video/20260302/oss_web/1772430651320_n59wi3.mp4
1326920,BJ-zx-tgz-EN-Love and Bloodlust at Vampire Academy-迭代-FB-视频-新形式-保护误会-0302-2,https://hwmat-enc.ikyuedu.com/encode/onl/market/material/video/20260302/oss_web/1772432831435_at6n30.mp4
1326921,BJ-zx-tgz-EN-Love and Bloodlust at Vampire Academy-迭代-FB-视频-新形式-回不去-0302-4,https://hwmat-enc.ikyuedu.com/encode/onl/market/material/video/20260302/oss_web/1772432831434_ee9jki.mp4
1326922,BJ-zx-tgz-EN-Love and Bloodlust at Vampire Academy-迭代-FB-视频-新形式-推开门-0302-3,https://hwmat-enc.ikyuedu.com/encode/onl/market/material/video/20260302/oss_web/1772432831435_tvel4s.mp4
1326923,BJ-zx-tgz-EN-Love and Bloodlust at Vampire Academy-迭代-FB-视频-混剪-吸血-0302-1,https://hwmat-enc.ikyuedu.com/encode/onl/market/material/video/20260302/oss_web/1772432831436_9sp9we.mp4
1326961,BJ-yy-zwy-EN-Love and Bloodlust at Vampire Academy-迭代-moloco-视频-1：1-新形式-0301-04,https://hwmat-enc.ikyuedu.com/encode/onl/market/material/video/20260302/oss_web/1772435860955_yu7o7c.mp4
1326963,BJ-yy-zwy-EN-Love and Bloodlust at Vampire Academy-迭代-moloco-视频-1：1-新形式-0301-03,https://hwmat-enc.ikyuedu.com/encode/onl/market/material/video/20260302/oss_web/1772435860954_9d477y.mp4
1326964,BJ-yy-zwy-EN-Love and Bloodlust at Vampire Academy-迭代-moloco-视频-1：1-新形式-0301-05,https://hwmat-enc.ikyuedu.com/encode/onl/market/material/video/20260302/oss_web/1772435864614_v4acqk.mp4
1326965,BJ-yy-zwy-EN-Love and Bloodlust at Vampire Academy-迭代-moloco-视频-1：1-混剪-0301-02,https://hwmat-enc.ikyuedu.com/encode/onl/market/material/video/20260302/oss_web/1772435860953_faml3w.mp4
1326969,BJ-yy-zwy-EN-Love and Bloodlust at Vampire Academy-迭代-moloco-视频-9：16-混剪-0301-01,https://hwmat-enc.ikyuedu.com/encode/onl/market/material/video/20260302/oss_web/1772435869870_xmmu40.mp4
1326972,BJ-yy-zwy-EN-Love and Bloodlust at Vampire Academy-迭代-moloco-视频-9：16-混剪-0301-02,https://hwmat-enc.ikyuedu.com/encode/onl/market/material/video/20260302/oss_web/1772435871403_n2lohg.mp4
1326973,BJ-yy-zwy-EN-Love and Bloodlust at Vampire Academy-迭代-moloco-视频-9：16-新形式-0301-03,https://hwmat-enc.ikyuedu.com/encode/onl/market/material/video/20260302/oss_web/1772435878265_9avda8.mp4
1326974,BJ-yy-zwy-EN-Love and Bloodlust at Vampire Academy-迭代-moloco-视频-9：16-新形式-0301-04,https://hwmat-enc.ikyuedu.com/encode/onl/market/material/video/20260302/oss_web/1772435879109_8jxcfd.mp4
1326975,BJ-yy-zwy-EN-Love and Bloodlust at Vampire Academy-迭代-moloco-视频-9：16-新形式-0301-05,https://hwmat-enc.ikyuedu.com/encode/onl/market/material/video/20260302/oss_web/1772435880144_fn69ws.mp4
1326978,BJ-yy-zwy-EN-Love and Bloodlust at Vampire Academy-迭代-moloco-视频-9：16-原剧情-0301-01,https://hwmat-enc.ikyuedu.com/encode/onl/market/material/video/20260302/oss_web/1772435882356_yb83wl.mp4
1326981,BJ-yy-zwy-EN-Love and Bloodlust at Vampire Academy-迭代-moloco-视频-16：9-混剪-0301-01,https://hwmat-enc.ikyuedu.com/encode/onl/market/material/video/20260302/oss_web/1772435888997_pm0hm2.mp4
1326983,BJ-yy-zwy-EN-Love and Bloodlust at Vampire Academy-迭代-moloco-视频-16：9-新形式-0301-03,https://hwmat-enc.ikyuedu.com/encode/onl/market/material/video/20260302/oss_web/1772435897118_t12rz5.mp4
1326984,BJ-yy-zwy-EN-Love and Bloodlust at Vampire Academy-迭代-moloco-视频-16：9-新形式-0301-04,https://hwmat-enc.ikyuedu.com/encode/onl/market/material/video/20260302/oss_web/1772435898052_grb7gb.mp4
1326985,BJ-yy-zwy-EN-Love and Bloodlust at Vampire Academy-迭代-moloco-视频-16：9-混剪-0301-02,https://hwmat-enc.ikyuedu.com/encode/onl/market/material/video/20260302/oss_web/1772435889896_cnfdm2.mp4
1326987,BJ-yy-zwy-EN-Love and Bloodlust at Vampire Academy-迭代-moloco-视频-16：9-新形式-0301-05,https://hwmat-enc.ikyuedu.com/encode/onl/market/material/video/20260302/oss_web/1772435899922_pq7ww5.mp4
1326990,BJ-yy-zwy-EN-Love and Bloodlust at Vampire Academy-迭代-moloco-视频-1：1-混剪-0301-01,https://hwmat-enc.ikyuedu.com/encode/onl/market/material/video/20260302/oss_web/1772435903896_ojk5qj.mp4
1326991,BJ-yy-zwy-EN-Love and Bloodlust at Vampire Academy-迭代-moloco-视频-16：9-原剧情-0301-01,https://hwmat-enc.ikyuedu.com/encode/onl/market/material/video/20260302/oss_web/1772435901990_9h0914.mp4
1327146,BJ-yzt-zq-EN-Love and Bloodlust at Vampire Academy-迭代-FB-视频-混剪-自主s女二-0302-3,https://hwmat-enc.ikyuedu.com/encode/onl/market/material/video/20260302/oss_web/1772439552533_6ey1cx.mp4
1327228,BJ-yy-zwy-EN-Love and Bloodlust at Vampire Academy-迭代-FB-视频-新形式-搂着进自主-0302-01,https://hwmat-enc.ikyuedu.com/encode/onl/market/material/video/20260302/oss_web/1772440645295_svyipt.mp4
1327229,BJ-yy-zwy-EN-Love and Bloodlust at Vampire Academy-迭代-FB-视频-混剪-承认自主-0302-01,https://hwmat-enc.ikyuedu.com/encode/onl/market/material/video/20260302/oss_web/1772440645296_7ex3iy.mp4
1327230,BJ-yy-zwy-EN-Love and Bloodlust at Vampire Academy-迭代-FB-视频-新形式-借宿自主-0302-01,https://hwmat-enc.ikyuedu.com/encode/onl/market/material/video/20260302/oss_web/1772440645295_eoogbo.mp4
1327231,BJ-yy-zwy-EN-Love and Bloodlust at Vampire Academy-迭代-FB-视频-新形式-开门-0302-01,https://hwmat-enc.ikyuedu.com/encode/onl/market/material/video/20260302/oss_web/1772440645294_2aejr6.mp4
1327754,BJ-sly-xd-EN-Watch Out! I Call the Final Shots-迭代-FB-视频-混剪-知道我是谁-0302-4,https://hwmat-enc.ikyuedu.com/encode/onl/market/material/video/20260302/oss_web/1772448162989_33ozu5.mp4
1327755,BJ-sly-xd-EN-Watch Out! I Call the Final Shots-迭代-FB-视频-混剪-办公室-0302-3,https://hwmat-enc.ikyuedu.com/encode/onl/market/material/video/20260302/oss_web/1772448162979_hsng1f.mp4
1327756,BJ-sly-xd-EN-Watch Out! I Call the Final Shots-迭代-FB-视频-解说-擦边-0302-2,https://hwmat-enc.ikyuedu.com/encode/onl/market/material/video/20260302/oss_web/1772448162996_ir51d0.mp4
1327757,BJ-sly-xd-EN-Watch Out! I Call the Final Shots-迭代-FB-视频-混剪-转椅子后-0302-1,https://hwmat-enc.ikyuedu.com/encode/onl/market/material/video/20260302/oss_web/1772448162992_xo0lbm.mp4
1327758,BJ-sly-xd-EN-Watch Out! I Call the Final Shots-迭代-FB-视频-混剪-我是-0302-5,https://hwmat-enc.ikyuedu.com/encode/onl/market/material/video/20260302/oss_web/1772448162986_k875jx.mp4
1327759,BJ-sly-xd-EN-Watch Out! I Call the Final Shots-迭代-FB-视频-混剪-转椅子后-0302-1,https://hwmat-enc.ikyuedu.com/encode/onl/market/material/video/20260302/oss_web/1772448259836_to571x.mp4
1327760,BJ-sly-xd-EN-Watch Out! I Call the Final Shots-迭代-FB-视频-混剪-知道我是谁-0302-4,https://hwmat-enc.ikyuedu.com/encode/onl/market/material/video/20260302/oss_web/1772448259835_pq23qc.mp4
1327761,BJ-sly-xd-EN-Watch Out! I Call the Final Shots-迭代-FB-视频-混剪-我是-0302-5,https://hwmat-enc.ikyuedu.com/encode/onl/market/material/video/20260302/oss_web/1772448259834_04yy62.mp4
1328086,BJ-yy-fmm-EN-Love and Bloodlust at Vampire Academy(英语）-迭代-FB-视频-测试-混剪-女主开门-0303-3,https://hwmat-enc.ikyuedu.com/encode/onl/market/material/video/20260303/oss_web/1772505190586_o4et4n.mp4
1328087,BJ-yy-fmm-EN-Love and Bloodlust at Vampire Academy(英语）-迭代-FB-视频-测试-混剪-公共浴室杀人事件-0303-2,https://hwmat-enc.ikyuedu.com/encode/onl/market/material/video/20260303/oss_web/1772505190585_qiu0gk.mp4
1328088,BJ-yy-fmm-EN-Love and Bloodlust at Vampire Academy(英语）-迭代-FB-视频-测试-混剪-男主开门-0303-1,https://hwmat-enc.ikyuedu.com/encode/onl/market/material/video/20260303/oss_web/1772505190584_sfepbi.mp4
1328089,BJ-yy-fmm-EN-Love and Bloodlust at Vampire Academy(英语）-迭代-FB-视频-测试-混剪-再次登场-0303-4,https://hwmat-enc.ikyuedu.com/encode/onl/market/material/video/20260303/oss_web/1772505190586_g0pobb.mp4
1328117,BJ-yzt-zq-EN-Love and Bloodlust at Vampire Academy-迭代-FB-视频-解说-自主吸血鬼学校-0302-4,https://hwmat-enc.ikyuedu.com/encode/onl/market/material/video/20260303/oss_web/1772506963617_sos7qs.mp4
1328118,BJ-yzt-zq-EN-Love and Bloodlust at Vampire Academy-迭代-FB-视频-混剪-自主发现-0302-2,https://hwmat-enc.ikyuedu.com/encode/onl/market/material/video/20260303/oss_web/1772506963613_t3c6xf.mp4
1328119,BJ-yzt-zq-EN-Love and Bloodlust at Vampire Academy-迭代-FB-视频-混剪-自主控制-0302-1,https://hwmat-enc.ikyuedu.com/encode/onl/market/material/video/20260303/oss_web/1772506963616_z4m4kg.mp4
1328229,BJ-yy-zwy-EN-Love and Bloodlust at Vampire Academy-迭代-FB-视频-新形式-撞见自主-0303-01,https://hwmat-enc.ikyuedu.com/encode/onl/market/material/video/20260303/oss_web/1772509223575_xbo8ek.mp4
1328230,BJ-yy-zwy-EN-Love and Bloodlust at Vampire Academy-迭代-FB-视频-新形式-登场自主-0303-01,https://hwmat-enc.ikyuedu.com/encode/onl/market/material/video/20260303/oss_web/1772509223578_l20xnr.mp4
1328231,BJ-yy-zwy-EN-Love and Bloodlust at Vampire Academy-迭代-FB-视频-混剪-上药自主-0303-01,https://hwmat-enc.ikyuedu.com/encode/onl/market/material/video/20260303/oss_web/1772509223577_vdj72r.mp4
1328232,BJ-yy-zwy-EN-Love and Bloodlust at Vampire Academy-迭代-FB-视频-新形式-做梦自主-0303-01,https://hwmat-enc.ikyuedu.com/encode/onl/market/material/video/20260303/oss_web/1772509223576_n2tiq5.mp4
1328236,BJ-yzt-xd-EN-Love and Bloodlust at Vampire Academy-迭代-FB-视频-混剪-击剑练习-0303-2,https://hwmat-enc.ikyuedu.com/encode/onl/market/material/video/20260303/oss_web/1772509296224_g85izv.mp4
1328237,BJ-yzt-xd-EN-Love and Bloodlust at Vampire Academy-迭代-FB-视频-混剪-mate-0303-1,https://hwmat-enc.ikyuedu.com/encode/onl/market/material/video/20260303/oss_web/1772509296226_q9k76j.mp4
1328238,BJ-yzt-xd-EN-Love and Bloodlust at Vampire Academy-迭代-FB-视频-混剪-激发特异-0303-3,https://hwmat-enc.ikyuedu.com/encode/onl/market/material/video/20260303/oss_web/1772509296226_y1850v.mp4
1328239,BJ-yzt-xd-EN-Love and Bloodlust at Vampire Academy-迭代-FB-视频-混剪-mate闪回-0303-4,https://hwmat-enc.ikyuedu.com/encode/onl/market/material/video/20260303/oss_web/1772509296227_ozxlqn.mp4
1328246,BJ-zx-tgz-EN-Love and Bloodlust at Vampire Academy-迭代-FB-视频-新形式-脱衣-0303-2,https://hwmat-enc.ikyuedu.com/encode/onl/market/material/video/20260303/oss_web/1772509770956_khwfa8.mp4
1328247,BJ-zx-tgz-EN-Love and Bloodlust at Vampire Academy-迭代-FB-视频-新形式-在一起-0303-1,https://hwmat-enc.ikyuedu.com/encode/onl/market/material/video/20260303/oss_web/1772509770957_te2j9n.mp4
1328248,BJ-zx-tgz-EN-Love and Bloodlust at Vampire Academy-迭代-FB-视频-新形式-推门撞见-0303-3,https://hwmat-enc.ikyuedu.com/encode/onl/market/material/video/20260303/oss_web/1772509770957_4622hy.mp4
1328249,BJ-zx-tgz-EN-Love and Bloodlust at Vampire Academy-迭代-FB-视频-混剪-开门肌肉-0303-4,https://hwmat-enc.ikyuedu.com/encode/onl/market/material/video/20260303/oss_web/1772509770957_l3pgjn.mp4
1328294,BJ-yy-llz-EN-Love and Bloodlust at Vampire Academy(英语）-迭代-FB-视频-混剪-自主-0303-2,https://hwmat-enc.ikyuedu.com/encode/onl/market/material/video/20260303/oss_web/1772510180173_lq2ype.mp4
1328295,BJ-yy-llz-EN-Love and Bloodlust at Vampire Academy(英语）-迭代-FB-视频-混剪-自主-0303-4,https://hwmat-enc.ikyuedu.com/encode/onl/market/material/video/20260303/oss_web/1772510180174_mcnzav.mp4
1328296,BJ-yy-llz-EN-Love and Bloodlust at Vampire Academy(英语）-迭代-FB-视频-混剪-自主-0303-5,https://hwmat-enc.ikyuedu.com/encode/onl/market/material/video/20260303/oss_web/1772510180174_gnv63o.mp4
1328297,BJ-yy-llz-EN-Love and Bloodlust at Vampire Academy(英语）-迭代-FB-视频-混剪-自主入侵-0303-1,https://hwmat-enc.ikyuedu.com/encode/onl/market/material/video/20260303/oss_web/1772510180174_vs8ws8.mp4
1328298,BJ-yy-llz-EN-Love and Bloodlust at Vampire Academy(英语）-迭代-FB-视频-新形式-自主融合-0303-1,https://hwmat-enc.ikyuedu.com/encode/onl/market/material/video/20260303/oss_web/1772510180174_9z6spq.mp4
1328844,BJ-csh-pzy-EN- Watch Out! I Call the Final Shots-迭代-FB-视频-解说-跳水-AI生成-0303-05,https://hwmat-enc.ikyuedu.com/encode/onl/market/material/video/20260303/oss_web/1772530813699_n5kvtt.mp4
1328845,BJ-csh-pzy-EN- Watch Out! I Call the Final Shots-迭代-FB-视频-解说-自己来-0303-02,https://hwmat-enc.ikyuedu.com/encode/onl/market/material/video/20260303/oss_web/1772530813700_e3jfa6.mp4
1328846,BJ-csh-pzy-EN- Watch Out! I Call the Final Shots-迭代-FB-视频-解说-喝牛奶-0303-03,https://hwmat-enc.ikyuedu.com/encode/onl/market/material/video/20260303/oss_web/1772530813698_q2yc3v.mp4
1329026,BJ-yzt-zq-EN-Love and Bloodlust at Vampire Academy-迭代-FB-视频-新形式-自主擦边-0303-1,https://hwmat-enc.ikyuedu.com/encode/onl/market/material/video/20260303/oss_web/1772533731287_pkvfoz.mp4
1329027,BJ-yzt-zq-EN-Love and Bloodlust at Vampire Academy-迭代-FB-视频-新形式-擦擦-0303-2,https://hwmat-enc.ikyuedu.com/encode/onl/market/material/video/20260303/oss_web/1772533731286_beht3x.mp4
1329028,BJ-yzt-zq-EN-Love and Bloodlust at Vampire Academy-迭代-FB-视频-解说-出场-0303-3,https://hwmat-enc.ikyuedu.com/encode/onl/market/material/video/20260303/oss_web/1772533731285_gupz47.mp4
1329029,BJ-yzt-zq-EN-Love and Bloodlust at Vampire Academy-迭代-FB-视频-原剧情-撞见-0303-4,https://hwmat-enc.ikyuedu.com/encode/onl/market/material/video/20260303/oss_web/1772533731287_e0dogq.mp4
1329093,"DX-gxy-zy-SP-My DA Daddy, Save My Mommy!-新剧-FB TT-解说-0303-01","https://hwmat-enc.ikyuedu.com/encode/zhuyu01@dianzhong.com/files/upload_folder/111/0303/DX-gxy-zy-SP-My DA Daddy, Save My Mommy!-新剧-FB TT-解说-0303-01.mp4"
1329459,BJ-yy-fmm-EN-Love and Bloodlust at Vampire Academy(英语）-迭代-FB-视频-测试-混剪-相爱千年-0304-3,https://hwmat-enc.ikyuedu.com/encode/onl/market/material/video/20260304/oss_web/1772590765525_q9bl7p.mp4
1329460,BJ-yy-fmm-EN-Love and Bloodlust at Vampire Academy(英语）-迭代-FB-视频-测试-新形式-想要王子-0304-4,https://hwmat-enc.ikyuedu.com/encode/onl/market/material/video/20260304/oss_web/1772590765525_j0wlr4.mp4
1329461,BJ-yy-fmm-EN-Love and Bloodlust at Vampire Academy(英语）-迭代-FB-视频-测试-混剪-相爱开门-0304-2,https://hwmat-enc.ikyuedu.com/encode/onl/market/material/video/20260304/oss_web/1772590765525_3jgybg.mp4
1329462,BJ-yy-fmm-EN-Love and Bloodlust at Vampire Academy(英语）-迭代-FB-视频-测试-混剪-暮光之城-0304-1,https://hwmat-enc.ikyuedu.com/encode/onl/market/material/video/20260304/oss_web/1772590765524_jcvy1h.mp4
1329474,BJ-yzt-xd-EN-Love and Bloodlust at Vampire Academy-迭代-FB-视频-混剪-预告-0304-4,https://hwmat-enc.ikyuedu.com/encode/onl/market/material/video/20260304/oss_web/1772593803221_9y7lgt.mp4
1329475,BJ-yzt-xd-EN-Love and Bloodlust at Vampire Academy-迭代-FB-视频-混剪-登场-0304-3,https://hwmat-enc.ikyuedu.com/encode/onl/market/material/video/20260304/oss_web/1772593803220_plgz4d.mp4
1329476,BJ-yzt-xd-EN-Love and Bloodlust at Vampire Academy-迭代-FB-视频-混剪-被发现-0304-1,https://hwmat-enc.ikyuedu.com/encode/onl/market/material/video/20260304/oss_web/1772593803218_r9wgj1.mp4
1329477,BJ-yzt-xd-EN-Love and Bloodlust at Vampire Academy-迭代-FB-视频-混剪-手环-0304-2,https://hwmat-enc.ikyuedu.com/encode/onl/market/material/video/20260304/oss_web/1772593803221_p16lu0.mp4
1329500,BJ-aq-wxh-SP-Watch Out! I Call the Final Shots-新剧-FB-视频-视频-混剪-0304-1,https://hwmat-enc.ikyuedu.com/encode/onl/market/material/video/20260304/oss_web/1772595910938_d6c70y.mp4
1329501,BJ-aq-wxh-SP-Watch Out! I Call the Final Shots-新剧-FB-视频-视频-混剪-0304-6,https://hwmat-enc.ikyuedu.com/encode/onl/market/material/video/20260304/oss_web/1772595910941_nl4e7j.mp4
1329502,BJ-aq-wxh-SP-Watch Out! I Call the Final Shots-新剧-FB-视频-视频-混剪-0304-3,https://hwmat-enc.ikyuedu.com/encode/onl/market/material/video/20260304/oss_web/1772595910939_kirb44.mp4
1329504,BJ-aq-wxh-SP-Watch Out! I Call the Final Shots-新剧-FB-视频-视频-混剪-0304-2,https://hwmat-enc.ikyuedu.com/encode/onl/market/material/video/20260304/oss_web/1772595910940_3j11wi.mp4
1329505,BJ-aq-wxh-SP-Watch Out! I Call the Final Shots-新剧-FB-视频-视频-混剪-0304-5,https://hwmat-enc.ikyuedu.com/encode/onl/market/material/video/20260304/oss_web/1772595949239_eqqwtg.mp4
1329568,BJ-yy-zwy-EN-Love and Bloodlust at Vampire Academy-迭代-FB-视频-新形式-碰手自主-0304-01,https://hwmat-enc.ikyuedu.com/encode/onl/market/material/video/20260304/oss_web/1772600699988_3pei2k.mp4
1329569,BJ-yy-zwy-EN-Love and Bloodlust at Vampire Academy-迭代-FB-视频-混剪-出场自主-0304-01,https://hwmat-enc.ikyuedu.com/encode/onl/market/material/video/20260304/oss_web/1772600699987_2zb46x.mp4
1329570,BJ-yy-zwy-EN-Love and Bloodlust at Vampire Academy-迭代-FB-视频-新形式-开门自主-0304-01,https://hwmat-enc.ikyuedu.com/encode/onl/market/material/video/20260304/oss_web/1772600699988_jj6c6i.mp4
1329571,BJ-yy-zwy-EN-Love and Bloodlust at Vampire Academy-迭代-FB-视频-混剪-偷听自主-0304-01,https://hwmat-enc.ikyuedu.com/encode/onl/market/material/video/20260304/oss_web/1772600699986_vbcoh2.mp4
1329825,BJ-aq-wxh-SP-Watch Out! I Call the Final Shots-新剧-FB-视频-视频-混剪-0304-4,https://hwmat-enc.ikyuedu.com/encode/onl/market/material/video/20260304/oss_web/1772609645549_2u8wsv.mp4
1329826,BJ-aq-wxh-SP-Watch Out! I Call the Final Shots-新剧-FB-AI生成-0304-7,https://hwmat-enc.ikyuedu.com/encode/onl/market/material/video/20260304/oss_web/1772609699205_pvlyqe.mp4
1329827,BJ-aq-wxh-SP-Watch Out! I Call the Final Shots-新剧-FB-AI生成-0304-8,https://hwmat-enc.ikyuedu.com/encode/onl/market/material/video/20260304/oss_web/1772609699206_ob16c4.mp4
1329828,BJ-aq-wxh-SP-Watch Out! I Call the Final Shots-新剧-FB-AI生成-0304-10,https://hwmat-enc.ikyuedu.com/encode/onl/market/material/video/20260304/oss_web/1772609699204_5tu96q.mp4
1329829,BJ-aq-wxh-SP-Watch Out! I Call the Final Shots-新剧-FB-解说-0304-9,https://hwmat-enc.ikyuedu.com/encode/onl/market/material/video/20260304/oss_web/1772609744497_1bc39o.mp4
1329879,BJ-cy-stf-FR-短剧-Watch Out! I Call the Final Shots-新剧-FBTT-视频-原剧情-0304 (1),https://hwmat-enc.ikyuedu.com/encode/songtf@dianzhong.com/files/upload_folder/3月/3.4/Watch Out! I Call the Final Shots-法语/BJ-cy-stf-FR-短剧-Watch Out! I Call the Final Shots-新剧-FBTT-视频-原剧情-0304 (1).mp4
1329880,BJ-cy-stf-FR-短剧-Watch Out! I Call the Final Shots-新剧-FBTT-视频-原剧情-0304 (2),https://hwmat-enc.ikyuedu.com/encode/songtf@dianzhong.com/files/upload_folder/3月/3.4/Watch Out! I Call the Final Shots-法语/BJ-cy-stf-FR-短剧-Watch Out! I Call the Final Shots-新剧-FBTT-视频-原剧情-0304 (2).mp4
1329881,BJ-cy-stf-FR-短剧-Watch Out! I Call the Final Shots-新剧-FBTT-视频-原剧情-0304 (3),https://hwmat-enc.ikyuedu.com/encode/songtf@dianzhong.com/files/upload_folder/3月/3.4/Watch Out! I Call the Final Shots-法语/BJ-cy-stf-FR-短剧-Watch Out! I Call the Final Shots-新剧-FBTT-视频-原剧情-0304 (3).mp4
1329882,BJ-cy-stf-FR-短剧-Watch Out! I Call the Final Shots-新剧-FBTT-视频-新形式-0304 (1),https://hwmat-enc.ikyuedu.com/encode/songtf@dianzhong.com/files/upload_folder/3月/3.4/Watch Out! I Call the Final Shots-法语/BJ-cy-stf-FR-短剧-Watch Out! I Call the Final Shots-新剧-FBTT-视频-新形式-0304 (1).mp4
1329883,BJ-cy-stf-FR-短剧-Watch Out! I Call the Final Shots-新剧-FBTT-视频-新形式-0304 (2),https://hwmat-enc.ikyuedu.com/encode/songtf@dianzhong.com/files/upload_folder/3月/3.4/Watch Out! I Call the Final Shots-法语/BJ-cy-stf-FR-短剧-Watch Out! I Call the Final Shots-新剧-FBTT-视频-新形式-0304 (2).mp4
1329884,BJ-cy-stf-FR-短剧-Watch Out! I Call the Final Shots-新剧-FBTT-视频-混剪-0304 (2),https://hwmat-enc.ikyuedu.com/encode/songtf@dianzhong.com/files/upload_folder/3月/3.4/Watch Out! I Call the Final Shots-法语/BJ-cy-stf-FR-短剧-Watch Out! I Call the Final Shots-新剧-FBTT-视频-混剪-0304 (2).mp4
1329885,BJ-cy-stf-FR-短剧-Watch Out! I Call the Final Shots-新剧-FBTT-视频-混剪-0304 (3),https://hwmat-enc.ikyuedu.com/encode/songtf@dianzhong.com/files/upload_folder/3月/3.4/Watch Out! I Call the Final Shots-法语/BJ-cy-stf-FR-短剧-Watch Out! I Call the Final Shots-新剧-FBTT-视频-混剪-0304 (3).mp4
1329886,BJ-cy-stf-FR-短剧-Watch Out! I Call the Final Shots-新剧-FBTT-视频-混剪-AI生成-0304 (1),https://hwmat-enc.ikyuedu.com/encode/songtf@dianzhong.com/files/upload_folder/3月/3.4/Watch Out! I Call the Final Shots-法语/BJ-cy-stf-FR-短剧-Watch Out! I Call the Final Shots-新剧-FBTT-视频-混剪-AI生成-0304 (1).mp4
1329887,BJ-cy-stf-FR-短剧-Watch Out! I Call the Final Shots-新剧-FBTT-视频-解说-0304 (1),https://hwmat-enc.ikyuedu.com/encode/songtf@dianzhong.com/files/upload_folder/3月/3.4/Watch Out! I Call the Final Shots-法语/BJ-cy-stf-FR-短剧-Watch Out! I Call the Final Shots-新剧-FBTT-视频-解说-0304 (1).mp4
1329888,BJ-cy-stf-FR-短剧-Watch Out! I Call the Final Shots-新剧-FBTT-视频-解说-AI生成-0304 (2),https://hwmat-enc.ikyuedu.com/encode/songtf@dianzhong.com/files/upload_folder/3月/3.4/Watch Out! I Call the Final Shots-法语/BJ-cy-stf-FR-短剧-Watch Out! I Call the Final Shots-新剧-FBTT-视频-解说-AI生成-0304 (2).mp4
1329889,BJ-cy-stf-FR-短剧-Watch Out! I Call the Final Shots-新剧-FBTT-视频-解说-AI生成-0304 (3),https://hwmat-enc.ikyuedu.com/encode/songtf@dianzhong.com/files/upload_folder/3月/3.4/Watch Out! I Call the Final Shots-法语/BJ-cy-stf-FR-短剧-Watch Out! I Call the Final Shots-新剧-FBTT-视频-解说-AI生成-0304 (3).mp4
1329890,BJ-cy-stf-FR-短剧-Watch Out! I Call the Final Shots-新剧-FBTT-视频-解说-AI生成-0304 (4),https://hwmat-enc.ikyuedu.com/encode/songtf@dianzhong.com/files/upload_folder/3月/3.4/Watch Out! I Call the Final Shots-法语/BJ-cy-stf-FR-短剧-Watch Out! I Call the Final Shots-新剧-FBTT-视频-解说-AI生成-0304 (4).mp4
1329933,DX-cyl-lx-SP-短剧-Watch Out! I Call the Final Shots（西班牙语）-新剧-fb tt-视频-AI生成-0304-10,https://hwmat-enc.ikyuedu.com/encode/liuxin@dianzhong.com/files/upload_folder/3月/Watch Out! I Call the Final Shots（西班牙语）/DX-cyl-lx-SP-短剧-Watch Out! I Call the Final Shots（西班牙语）-新剧-fb tt-视频-AI生成-0304-10.mp4
1329934,DX-cyl-lx-SP-短剧-Watch Out! I Call the Final Shots（西班牙语）-新剧-fb tt-视频-前贴-0304-4,https://hwmat-enc.ikyuedu.com/encode/liuxin@dianzhong.com/files/upload_folder/3月/Watch Out! I Call the Final Shots（西班牙语）/DX-cyl-lx-SP-短剧-Watch Out! I Call the Final Shots（西班牙语）-新剧-fb tt-视频-前贴-0304-4.mp4
1329936,DX-cyl-lx-SP-短剧-Watch Out! I Call the Final Shots（西班牙语）-新剧-fb tt-视频-前贴-0304-6,https://hwmat-enc.ikyuedu.com/encode/liuxin@dianzhong.com/files/upload_folder/3月/Watch Out! I Call the Final Shots（西班牙语）/DX-cyl-lx-SP-短剧-Watch Out! I Call the Final Shots（西班牙语）-新剧-fb tt-视频-前贴-0304-6.mp4
1329937,DX-cyl-lx-SP-短剧-Watch Out! I Call the Final Shots（西班牙语）-新剧-fb tt-视频-新形式-0304-7改,https://hwmat-enc.ikyuedu.com/encode/liuxin@dianzhong.com/files/upload_folder/3月/Watch Out! I Call the Final Shots（西班牙语）/DX-cyl-lx-SP-短剧-Watch Out! I Call the Final Shots（西班牙语）-新剧-fb tt-视频-新形式-0304-7改.mp4
1329938,DX-cyl-lx-SP-短剧-Watch Out! I Call the Final Shots（西班牙语）-新剧-fb tt-视频-新形式-0304-8,https://hwmat-enc.ikyuedu.com/encode/liuxin@dianzhong.com/files/upload_folder/3月/Watch Out! I Call the Final Shots（西班牙语）/DX-cyl-lx-SP-短剧-Watch Out! I Call the Final Shots（西班牙语）-新剧-fb tt-视频-新形式-0304-8.mp4
1329939,DX-cyl-lx-SP-短剧-Watch Out! I Call the Final Shots（西班牙语）-新剧-fb tt-视频-新形式-0304-9,https://hwmat-enc.ikyuedu.com/encode/liuxin@dianzhong.com/files/upload_folder/3月/Watch Out! I Call the Final Shots（西班牙语）/DX-cyl-lx-SP-短剧-Watch Out! I Call the Final Shots（西班牙语）-新剧-fb tt-视频-新形式-0304-9.mp4
1329940,DX-cyl-lx-SP-短剧-Watch Out! I Call the Final Shots（西班牙语）-新剧-fb tt-视频-混剪-0304-1,https://hwmat-enc.ikyuedu.com/encode/liuxin@dianzhong.com/files/upload_folder/3月/Watch Out! I Call the Final Shots（西班牙语）/DX-cyl-lx-SP-短剧-Watch Out! I Call the Final Shots（西班牙语）-新剧-fb tt-视频-混剪-0304-1.mp4
1329941,DX-cyl-lx-SP-短剧-Watch Out! I Call the Final Shots（西班牙语）-新剧-fb tt-视频-混剪-0304-2,https://hwmat-enc.ikyuedu.com/encode/liuxin@dianzhong.com/files/upload_folder/3月/Watch Out! I Call the Final Shots（西班牙语）/DX-cyl-lx-SP-短剧-Watch Out! I Call the Final Shots（西班牙语）-新剧-fb tt-视频-混剪-0304-2.mp4
1329942,DX-cyl-lx-SP-短剧-Watch Out! I Call the Final Shots（西班牙语）-新剧-fb tt-视频-混剪-0304-3,https://hwmat-enc.ikyuedu.com/encode/liuxin@dianzhong.com/files/upload_folder/3月/Watch Out! I Call the Final Shots（西班牙语）/DX-cyl-lx-SP-短剧-Watch Out! I Call the Final Shots（西班牙语）-新剧-fb tt-视频-混剪-0304-3.mp4
1330158,BJ-zx-tgz-EN-Love and Bloodlust at Vampire Academy-迭代-FB-视频-新形式-喷火-0304-1,https://hwmat-enc.ikyuedu.com/encode/onl/market/material/video/20260304/oss_web/1772614735433_jydqil.mp4
1330159,BJ-zx-tgz-EN-Love and Bloodlust at Vampire Academy-迭代-FB-视频-新形式-情侣关系-0304-3,https://hwmat-enc.ikyuedu.com/encode/onl/market/material/video/20260304/oss_web/1772614735433_rgp85x.mp4
1330160,BJ-zx-tgz-EN-Love and Bloodlust at Vampire Academy-迭代-FB-视频-新形式-女主超能力-0304-2,https://hwmat-enc.ikyuedu.com/encode/onl/market/material/video/20260304/oss_web/1772614735432_57mwft.mp4
1330161,BJ-zx-tgz-EN-Love and Bloodlust at Vampire Academy-迭代-FB-视频-混剪-mate-0304-4,https://hwmat-enc.ikyuedu.com/encode/onl/market/material/video/20260304/oss_web/1772614735431_5d58lj.mp4
1330314,BJ-hq-lzy-SP-Watch Out! I Call the Final Shots-新剧-FB-视频-AI生成-0304-测试-1,https://hwmat-enc.ikyuedu.com/encode/lizy03@dianzhong.com/files/upload_folder/三月/0304/3月4日/BJ-hq-lzy-SP-Watch Out! I Call the Final Shots-新剧-FB-视频-AI生成-0304-1.mp4
1330315,BJ-hq-lzy-SP-Watch Out! I Call the Final Shots-新剧-FB-视频-AI生成-0304-测试-2,https://hwmat-enc.ikyuedu.com/encode/lizy03@dianzhong.com/files/upload_folder/三月/0304/3月4日/BJ-hq-lzy-SP-Watch Out! I Call the Final Shots-新剧-FB-视频-AI生成-0304-2.mp4
1330317,BJ-hq-lzy-SP-Watch Out! I Call the Final Shots-新剧-FB-视频-AI生成-0304-测试-4,https://hwmat-enc.ikyuedu.com/encode/lizy03@dianzhong.com/files/upload_folder/三月/0304/3月4日/BJ-hq-lzy-SP-Watch Out! I Call the Final Shots-新剧-FB-视频-AI生成-0304-4.mp4
1330318,BJ-hq-lzy-SP-Watch Out! I Call the Final Shots-新剧-FB-视频-AI生成-0304-测试-5,https://hwmat-enc.ikyuedu.com/encode/lizy03@dianzhong.com/files/upload_folder/三月/0304/3月4日/BJ-hq-lzy-SP-Watch Out! I Call the Final Shots-新剧-FB-视频-AI生成-0304-5.mp4
1330377,BJ-hq-lzy-SP-Watch Out! I Call the Final Shots-新剧-FB-视频-AI生成-0304-测试-3,https://hwmat-enc.ikyuedu.com/encode/onl/market/material/video/20260304/oss_web/1772617469509_1ivpty.mp4
1330412,DX-xlt-lx-FR-短剧-Watch Out! I Call the Final Shots（法语）-新剧-fb tt-视频-AI生成-0304-8,https://hwmat-enc.ikyuedu.com/encode/liuxin@dianzhong.com/files/upload_folder/3月/Watch Out! I Call the Final Shots（法语）/DX-xlt-lx-FR-短剧-Watch Out! I Call the Final Shots（法语）-新剧-fb tt-视频-AI生成-0304-8.mp4
1330413,DX-xlt-lx-FR-短剧-Watch Out! I Call the Final Shots（法语）-新剧-fb tt-视频-AI生成-0304-9,https://hwmat-enc.ikyuedu.com/encode/liuxin@dianzhong.com/files/upload_folder/3月/Watch Out! I Call the Final Shots（法语）/DX-xlt-lx-FR-短剧-Watch Out! I Call the Final Shots（法语）-新剧-fb tt-视频-AI生成-0304-9.mp4
1330414,DX-xlt-lx-FR-短剧-Watch Out! I Call the Final Shots（法语）-新剧-fb tt-视频-新形式-0304-10,https://hwmat-enc.ikyuedu.com/encode/liuxin@dianzhong.com/files/upload_folder/3月/Watch Out! I Call the Final Shots（法语）/DX-xlt-lx-FR-短剧-Watch Out! I Call the Final Shots（法语）-新剧-fb tt-视频-新形式-0304-10.mp4
1330415,DX-xlt-lx-FR-短剧-Watch Out! I Call the Final Shots（法语）-新剧-fb tt-视频-新形式-0304-5,https://hwmat-enc.ikyuedu.com/encode/liuxin@dianzhong.com/files/upload_folder/3月/Watch Out! I Call the Final Shots（法语）/DX-xlt-lx-FR-短剧-Watch Out! I Call the Final Shots（法语）-新剧-fb tt-视频-新形式-0304-5.mp4
1330416,DX-xlt-lx-FR-短剧-Watch Out! I Call the Final Shots（法语）-新剧-fb tt-视频-新形式-0304-6,https://hwmat-enc.ikyuedu.com/encode/liuxin@dianzhong.com/files/upload_folder/3月/Watch Out! I Call the Final Shots（法语）/DX-xlt-lx-FR-短剧-Watch Out! I Call the Final Shots（法语）-新剧-fb tt-视频-新形式-0304-6.mp4
1330417,DX-xlt-lx-FR-短剧-Watch Out! I Call the Final Shots（法语）-新剧-fb tt-视频-新形式-0304-7,https://hwmat-enc.ikyuedu.com/encode/liuxin@dianzhong.com/files/upload_folder/3月/Watch Out! I Call the Final Shots（法语）/DX-xlt-lx-FR-短剧-Watch Out! I Call the Final Shots（法语）-新剧-fb tt-视频-新形式-0304-7.mp4
1330418,DX-xlt-lx-FR-短剧-Watch Out! I Call the Final Shots（法语）-新剧-fb tt-视频-混剪-0304-1,https://hwmat-enc.ikyuedu.com/encode/liuxin@dianzhong.com/files/upload_folder/3月/Watch Out! I Call the Final Shots（法语）/DX-xlt-lx-FR-短剧-Watch Out! I Call the Final Shots（法语）-新剧-fb tt-视频-混剪-0304-1.mp4
1330419,DX-xlt-lx-FR-短剧-Watch Out! I Call the Final Shots（法语）-新剧-fb tt-视频-混剪-0304-2,https://hwmat-enc.ikyuedu.com/encode/liuxin@dianzhong.com/files/upload_folder/3月/Watch Out! I Call the Final Shots（法语）/DX-xlt-lx-FR-短剧-Watch Out! I Call the Final Shots（法语）-新剧-fb tt-视频-混剪-0304-2.mp4
1330420,DX-xlt-lx-FR-短剧-Watch Out! I Call the Final Shots（法语）-新剧-fb tt-视频-混剪-0304-3,https://hwmat-enc.ikyuedu.com/encode/liuxin@dianzhong.com/files/upload_folder/3月/Watch Out! I Call the Final Shots（法语）/DX-xlt-lx-FR-短剧-Watch Out! I Call the Final Shots（法语）-新剧-fb tt-视频-混剪-0304-3.mp4
1330421,DX-xlt-lx-FR-短剧-Watch Out! I Call the Final Shots（法语）-新剧-fb tt-视频-解说-0304-4,https://hwmat-enc.ikyuedu.com/encode/liuxin@dianzhong.com/files/upload_folder/3月/Watch Out! I Call the Final Shots（法语）/DX-xlt-lx-FR-短剧-Watch Out! I Call the Final Shots（法语）-新剧-fb tt-视频-解说-0304-4.mp4
1330477,BJ-cy-zyg-FR-短剧-Watch Out! I Call the Final Shots-新剧-FBTT-视频-原剧情-260304-1,https://hwmat-enc.ikyuedu.com/encode/zhangyg@dianzhong.com/files/upload_folder/3月/0304/watch out、/BJ-cy-zyg-FR-短剧-Watch Out! I Call the Final Shots-新剧-FBTT-视频-原剧情-260304-1.mp4
1330478,BJ-cy-zyg-FR-短剧-Watch Out! I Call the Final Shots-新剧-FBTT-视频-原剧情-260304-2,https://hwmat-enc.ikyuedu.com/encode/zhangyg@dianzhong.com/files/upload_folder/3月/0304/watch out、/BJ-cy-zyg-FR-短剧-Watch Out! I Call the Final Shots-新剧-FBTT-视频-原剧情-260304-2.mp4
1330479,BJ-cy-zyg-FR-短剧-Watch Out! I Call the Final Shots-新剧-FBTT-视频-新形式-AI生成-260304-6,https://hwmat-enc.ikyuedu.com/encode/zhangyg@dianzhong.com/files/upload_folder/3月/0304/watch out、/BJ-cy-zyg-FR-短剧-Watch Out! I Call the Final Shots-新剧-FBTT-视频-新形式-AI生成-260304-6.mp4
1330480,BJ-cy-zyg-FR-短剧-Watch Out! I Call the Final Shots-新剧-FBTT-视频-新形式-AI生成-260304-8,https://hwmat-enc.ikyuedu.com/encode/zhangyg@dianzhong.com/files/upload_folder/3月/0304/watch out、/BJ-cy-zyg-FR-短剧-Watch Out! I Call the Final Shots-新剧-FBTT-视频-新形式-AI生成-260304-8.mp4
1330481,BJ-cy-zyg-FR-短剧-Watch Out! I Call the Final Shots-新剧-FBTT-视频-混剪-260304-3,https://hwmat-enc.ikyuedu.com/encode/zhangyg@dianzhong.com/files/upload_folder/3月/0304/watch out、/BJ-cy-zyg-FR-短剧-Watch Out! I Call the Final Shots-新剧-FBTT-视频-混剪-260304-3.mp4
1330482,BJ-cy-zyg-FR-短剧-Watch Out! I Call the Final Shots-新剧-FBTT-视频-混剪-260304-4,https://hwmat-enc.ikyuedu.com/encode/zhangyg@dianzhong.com/files/upload_folder/3月/0304/watch out、/BJ-cy-zyg-FR-短剧-Watch Out! I Call the Final Shots-新剧-FBTT-视频-混剪-260304-4.mp4
1330483,BJ-cy-zyg-FR-短剧-Watch Out! I Call the Final Shots-新剧-FBTT-视频-混剪-260304-5,https://hwmat-enc.ikyuedu.com/encode/zhangyg@dianzhong.com/files/upload_folder/3月/0304/watch out、/BJ-cy-zyg-FR-短剧-Watch Out! I Call the Final Shots-新剧-FBTT-视频-混剪-260304-5.mp4
1330484,BJ-cy-zyg-FR-短剧-Watch Out! I Call the Final Shots-新剧-FBTT-视频-混剪-260304-7,https://hwmat-enc.ikyuedu.com/encode/zhangyg@dianzhong.com/files/upload_folder/3月/0304/watch out、/BJ-cy-zyg-FR-短剧-Watch Out! I Call the Final Shots-新剧-FBTT-视频-混剪-260304-7.mp4
1330485,BJ-cy-zyg-FR-短剧-Watch Out! I Call the Final Shots-新剧-FBTT-视频-解说-AI生成-260304-10,https://hwmat-enc.ikyuedu.com/encode/zhangyg@dianzhong.com/files/upload_folder/3月/0304/watch out、/BJ-cy-zyg-FR-短剧-Watch Out! I Call the Final Shots-新剧-FBTT-视频-解说-AI生成-260304-10.mp4
1330486,BJ-cy-zyg-FR-短剧-Watch Out! I Call the Final Shots-新剧-FBTT-视频-解说-AI生成-260304-9,https://hwmat-enc.ikyuedu.com/encode/zhangyg@dianzhong.com/files/upload_folder/3月/0304/watch out、/BJ-cy-zyg-FR-短剧-Watch Out! I Call the Final Shots-新剧-FBTT-视频-解说-AI生成-260304-9.mp4
1330600,BJ-hq-lzy-FR-Watch Out! I Call the Final Shots-新剧-FB-视频-AI生成-0304-1,https://hwmat-enc.ikyuedu.com/encode/onl/market/material/video/20260304/oss_web/1772620088549_msm7it.mp4
1330601,BJ-hq-lzy-FR-Watch Out! I Call the Final Shots-新剧-FB-视频-AI生成-0304-2,https://hwmat-enc.ikyuedu.com/encode/onl/market/material/video/20260304/oss_web/1772620088550_ylqjxa.mp4
1330602,BJ-hq-lzy-FR-Watch Out! I Call the Final Shots-新剧-FB-视频-AI生成-0304-5,https://hwmat-enc.ikyuedu.com/encode/onl/market/material/video/20260304/oss_web/1772620088549_p6jics.mp4
1330603,BJ-hq-lzy-FR-Watch Out! I Call the Final Shots-新剧-FB-视频-AI生成-0304-4,https://hwmat-enc.ikyuedu.com/encode/onl/market/material/video/20260304/oss_web/1772620088548_323l6e.mp4
1330604,BJ-hq-lzy-FR-Watch Out! I Call the Final Shots-新剧-FB-视频-AI生成-0304-3,https://hwmat-enc.ikyuedu.com/encode/onl/market/material/video/20260304/oss_web/1772620088550_5e3j2u.mp4
1330651,BJ-yzt-zq-EN-Love and Bloodlust at Vampire Academy-迭代-FB-视频-混剪-刺男主-0304-3,https://hwmat-enc.ikyuedu.com/encode/onl/market/material/video/20260304/oss_web/1772621510966_mjnq01.mp4
1330652,BJ-yzt-zq-EN-Love and Bloodlust at Vampire Academy-迭代-FB-视频-混剪-怒吼-0304-2,https://hwmat-enc.ikyuedu.com/encode/onl/market/material/video/20260304/oss_web/1772621510967_hiygfp.mp4
1330653,BJ-yzt-zq-EN-Love and Bloodlust at Vampire Academy-迭代-FB-视频-混剪-实验-0304-1,https://hwmat-enc.ikyuedu.com/encode/onl/market/material/video/20260304/oss_web/1772621510967_fp3iig.mp4
1330654,BJ-yzt-zq-EN-Love and Bloodlust at Vampire Academy-迭代-FB-视频-混剪-标记-0304-4,https://hwmat-enc.ikyuedu.com/encode/onl/market/material/video/20260304/oss_web/1772621510964_ero7dh.mp4
1330860,DX-cyl-zs-SP-短剧-Watch Out! I Call the Final Shots-新剧-FBTT-视频-AI生成-0304-01,https://hwmat-enc.ikyuedu.com/encode/zhoushuang@dianzhong.com/files/upload_folder/DX-cyl-zs-SP-短剧-Watch Out! I Call the Final Shots-新剧-FBTT-视频-AI生成-0304-01.mp4
1330861,DX-cyl-zs-SP-短剧-Watch Out! I Call the Final Shots-新剧-FBTT-视频-前贴-0304-01,https://hwmat-enc.ikyuedu.com/encode/zhoushuang@dianzhong.com/files/upload_folder/DX-cyl-zs-SP-短剧-Watch Out! I Call the Final Shots-新剧-FBTT-视频-前贴-0304-01.mp4
1330863,DX-cyl-zs-SP-短剧-Watch Out! I Call the Final Shots-新剧-FBTT-视频-原剧情-0304-01,https://hwmat-enc.ikyuedu.com/encode/zhoushuang@dianzhong.com/files/upload_folder/DX-cyl-zs-SP-短剧-Watch Out! I Call the Final Shots-新剧-FBTT-视频-原剧情-0304-01.mp4
1330864,DX-cyl-zs-SP-短剧-Watch Out! I Call the Final Shots-新剧-FBTT-视频-原剧情-0304-02,https://hwmat-enc.ikyuedu.com/encode/zhoushuang@dianzhong.com/files/upload_folder/DX-cyl-zs-SP-短剧-Watch Out! I Call the Final Shots-新剧-FBTT-视频-原剧情-0304-02.mp4
1330865,DX-cyl-zs-SP-短剧-Watch Out! I Call the Final Shots-新剧-FBTT-视频-新形式-0304-01,https://hwmat-enc.ikyuedu.com/encode/zhoushuang@dianzhong.com/files/upload_folder/DX-cyl-zs-SP-短剧-Watch Out! I Call the Final Shots-新剧-FBTT-视频-新形式-0304-01.mp4
1330866,DX-cyl-zs-SP-短剧-Watch Out! I Call the Final Shots-新剧-FBTT-视频-新形式-0304-02,https://hwmat-enc.ikyuedu.com/encode/zhoushuang@dianzhong.com/files/upload_folder/DX-cyl-zs-SP-短剧-Watch Out! I Call the Final Shots-新剧-FBTT-视频-新形式-0304-02.mp4
1330867,DX-cyl-zs-SP-短剧-Watch Out! I Call the Final Shots-新剧-FBTT-视频-新形式-0304-03,https://hwmat-enc.ikyuedu.com/encode/zhoushuang@dianzhong.com/files/upload_folder/DX-cyl-zs-SP-短剧-Watch Out! I Call the Final Shots-新剧-FBTT-视频-新形式-0304-03.mp4
1330868,DX-cyl-zs-SP-短剧-Watch Out! I Call the Final Shots-新剧-FBTT-视频-混剪-0304-01,https://hwmat-enc.ikyuedu.com/encode/zhoushuang@dianzhong.com/files/upload_folder/DX-cyl-zs-SP-短剧-Watch Out! I Call the Final Shots-新剧-FBTT-视频-混剪-0304-01.mp4
1330869,DX-cyl-zs-SP-短剧-Watch Out! I Call the Final Shots-新剧-FBTT-视频-解说-0304-01,https://hwmat-enc.ikyuedu.com/encode/zhoushuang@dianzhong.com/files/upload_folder/DX-cyl-zs-SP-短剧-Watch Out! I Call the Final Shots-新剧-FBTT-视频-解说-0304-01.mp4
1330883,DX-xlt-zs-FR-短剧-Watch Out! I Call the Final Shots-新剧-FBTT-视频-前贴-0304-02,https://hwmat-enc.ikyuedu.com/encode/zhoushuang@dianzhong.com/files/upload_folder/DX-xlt-zs-FR-短剧-Watch Out! I Call the Final Shots-新剧-FBTT-视频-前贴-0304-02.mp4
1330884,DX-xlt-zs-FR-短剧-Watch Out! I Call the Final Shots-新剧-FBTT-视频-前贴-0304-03,https://hwmat-enc.ikyuedu.com/encode/zhoushuang@dianzhong.com/files/upload_folder/DX-xlt-zs-FR-短剧-Watch Out! I Call the Final Shots-新剧-FBTT-视频-前贴-0304-03.mp4
1330885,DX-xlt-zs-FR-短剧-Watch Out! I Call the Final Shots-新剧-FBTT-视频-原剧情-0304-01,https://hwmat-enc.ikyuedu.com/encode/zhoushuang@dianzhong.com/files/upload_folder/DX-xlt-zs-FR-短剧-Watch Out! I Call the Final Shots-新剧-FBTT-视频-原剧情-0304-01.mp4
1330886,DX-xlt-zs-FR-短剧-Watch Out! I Call the Final Shots-新剧-FBTT-视频-原剧情-0304-02,https://hwmat-enc.ikyuedu.com/encode/zhoushuang@dianzhong.com/files/upload_folder/DX-xlt-zs-FR-短剧-Watch Out! I Call the Final Shots-新剧-FBTT-视频-原剧情-0304-02.mp4
1330887,DX-xlt-zs-FR-短剧-Watch Out! I Call the Final Shots-新剧-FBTT-视频-新形式-0304-01,https://hwmat-enc.ikyuedu.com/encode/zhoushuang@dianzhong.com/files/upload_folder/DX-xlt-zs-FR-短剧-Watch Out! I Call the Final Shots-新剧-FBTT-视频-新形式-0304-01.mp4
1330888,DX-xlt-zs-FR-短剧-Watch Out! I Call the Final Shots-新剧-FBTT-视频-新形式-0304-02,https://hwmat-enc.ikyuedu.com/encode/zhoushuang@dianzhong.com/files/upload_folder/DX-xlt-zs-FR-短剧-Watch Out! I Call the Final Shots-新剧-FBTT-视频-新形式-0304-02.mp4
1330889,DX-xlt-zs-FR-短剧-Watch Out! I Call the Final Shots-新剧-FBTT-视频-新形式-0304-03,https://hwmat-enc.ikyuedu.com/encode/zhoushuang@dianzhong.com/files/upload_folder/DX-xlt-zs-FR-短剧-Watch Out! I Call the Final Shots-新剧-FBTT-视频-新形式-0304-03.mp4
1330890,DX-xlt-zs-FR-短剧-Watch Out! I Call the Final Shots-新剧-FBTT-视频-新形式-0304-04,https://hwmat-enc.ikyuedu.com/encode/zhoushuang@dianzhong.com/files/upload_folder/DX-xlt-zs-FR-短剧-Watch Out! I Call the Final Shots-新剧-FBTT-视频-新形式-0304-04.mp4
1330891,DX-xlt-zs-FR-短剧-Watch Out! I Call the Final Shots-新剧-FBTT-视频-混剪-0304-01,https://hwmat-enc.ikyuedu.com/encode/zhoushuang@dianzhong.com/files/upload_folder/DX-xlt-zs-FR-短剧-Watch Out! I Call the Final Shots-新剧-FBTT-视频-混剪-0304-01.mp4
1330898,BJ-aq-ygd-SP-Watch Out! I Call the Final Shots-新剧-FB-视频-AI生成-0304-01,https://hwmat-enc.ikyuedu.com/encode/yingd@dianzhong.com/files/upload_folder/2026/3月/0304/Watch Out/BJ-aq-ygd-SP-Watch Out! I Call the Final Shots-新剧-FB-视频-AI生成-0304-01.mp4
1330899,BJ-aq-ygd-SP-Watch Out! I Call the Final Shots-新剧-FB-视频-AI生成-0304-09,https://hwmat-enc.ikyuedu.com/encode/yingd@dianzhong.com/files/upload_folder/2026/3月/0304/Watch Out/BJ-aq-ygd-SP-Watch Out! I Call the Final Shots-新剧-FB-视频-AI生成-0304-09.mp4
1330900,BJ-aq-ygd-SP-Watch Out! I Call the Final Shots-新剧-FB-视频-AI生成-0304-10,https://hwmat-enc.ikyuedu.com/encode/yingd@dianzhong.com/files/upload_folder/2026/3月/0304/Watch Out/BJ-aq-ygd-SP-Watch Out! I Call the Final Shots-新剧-FB-视频-AI生成-0304-10.mp4
1330902,BJ-aq-ygd-SP-Watch Out! I Call the Final Shots-新剧-FB-视频-新形式-0304-03,https://hwmat-enc.ikyuedu.com/encode/yingd@dianzhong.com/files/upload_folder/2026/3月/0304/Watch Out/BJ-aq-ygd-SP-Watch Out! I Call the Final Shots-新剧-FB-视频-新形式-0304-03.mp4
1330903,BJ-aq-ygd-SP-Watch Out! I Call the Final Shots-新剧-FB-视频-新形式-0304-04,https://hwmat-enc.ikyuedu.com/encode/yingd@dianzhong.com/files/upload_folder/2026/3月/0304/Watch Out/BJ-aq-ygd-SP-Watch Out! I Call the Final Shots-新剧-FB-视频-新形式-0304-04.mp4
1330904,BJ-aq-ygd-SP-Watch Out! I Call the Final Shots-新剧-FB-视频-新形式-0304-05,https://hwmat-enc.ikyuedu.com/encode/yingd@dianzhong.com/files/upload_folder/2026/3月/0304/Watch Out/BJ-aq-ygd-SP-Watch Out! I Call the Final Shots-新剧-FB-视频-新形式-0304-05.mp4
1330905,BJ-aq-ygd-SP-Watch Out! I Call the Final Shots-新剧-FB-视频-新形式-0304-06,https://hwmat-enc.ikyuedu.com/encode/yingd@dianzhong.com/files/upload_folder/2026/3月/0304/Watch Out/BJ-aq-ygd-SP-Watch Out! I Call the Final Shots-新剧-FB-视频-新形式-0304-06.mp4
1330906,BJ-aq-ygd-SP-Watch Out! I Call the Final Shots-新剧-FB-视频-新形式-0304-07,https://hwmat-enc.ikyuedu.com/encode/yingd@dianzhong.com/files/upload_folder/2026/3月/0304/Watch Out/BJ-aq-ygd-SP-Watch Out! I Call the Final Shots-新剧-FB-视频-新形式-0304-07.mp4
1330970,BJ-aq-ygd-SP-Watch Out! I Call the Final Shots-新剧-FB-视频-原剧情-0304-02,https://hwmat-enc.ikyuedu.com/encode/onl/market/material/video/20260305/oss_web/1772675828195_gkrivo.mp4
1330971,BJ-aq-ygd-SP-Watch Out! I Call the Final Shots-新剧-FB-视频-解说-0304-08,https://hwmat-enc.ikyuedu.com/encode/onl/market/material/video/20260305/oss_web/1772675828194_9kqfow.mp4
1330973,BJ-zx-sy-EN-Love and Bloodlust at Vampire Academy-迭代-FB-视频-混剪-自主-AI生成-0305-5,https://hwmat-enc.ikyuedu.com/encode/onl/market/material/video/20260305/oss_web/1772676090567_g7ywkm.mp4
1330974,BJ-zx-sy-EN-Love and Bloodlust at Vampire Academy-迭代-FB-视频-混剪-自主房间-0305-2,https://hwmat-enc.ikyuedu.com/encode/onl/market/material/video/20260305/oss_web/1772676090568_7w9k7f.mp4
1330975,BJ-zx-sy-EN-Love and Bloodlust at Vampire Academy-迭代-FB-视频-混剪-自主比赛-0305-3,https://hwmat-enc.ikyuedu.com/encode/onl/market/material/video/20260305/oss_web/1772676090567_cw90r4.mp4
1330976,BJ-zx-sy-EN-Love and Bloodlust at Vampire Academy-迭代-FB-视频-混剪-自主-AI生成-0305-4,https://hwmat-enc.ikyuedu.com/encode/onl/market/material/video/20260305/oss_web/1772676090566_hludnl.mp4
1330977,BJ-zx-sy-EN-Love and Bloodlust at Vampire Academy-迭代-FB-视频-混剪-自主目的-0305-1,https://hwmat-enc.ikyuedu.com/encode/onl/market/material/video/20260305/oss_web/1772676090568_na9ng8.mp4
1331054,DX-xlt-zs-FR-短剧-Watch Out! I Call the Final Shots-新剧-FBTT-视频-前贴-0305-01,https://hwmat-enc.ikyuedu.com/encode/zhoushuang@dianzhong.com/files/upload_folder/DX-xlt-zs-FR-短剧-Watch Out! I Call the Final Shots-新剧-FBTT-视频-前贴-0305-01.mp4
1331069,DX-cyl-zs-SP-短剧-Watch Out! I Call the Final Shots-新剧-FBTT-视频-前贴-0305-02,https://hwmat-enc.ikyuedu.com/encode/zhoushuang@dianzhong.com/files/upload_folder/DX-cyl-zs-SP-短剧-Watch Out! I Call the Final Shots-新剧-FBTT-视频-前贴-0305-02.mp4
1333108,BJ-sly-tgz-EN-Love and Bloodlust at Vampire Academy-迭代-FB-视频-新形式-情不自禁-0306-4,https://hwmat-enc.ikyuedu.com/encode/onl/market/material/video/20260306/oss_web/1772780931011_rncia4.mp4
1333109,BJ-sly-tgz-EN-Love and Bloodlust at Vampire Academy-迭代-FB-视频-解说-AI生成-获得异能-0306-5,https://hwmat-enc.ikyuedu.com/encode/onl/market/material/video/20260306/oss_web/1772780931011_q92sg7.mp4
1333110,BJ-sly-tgz-EN-Love and Bloodlust at Vampire Academy-迭代-FB-视频-新形式-开门-0306-2,https://hwmat-enc.ikyuedu.com/encode/onl/market/material/video/20260306/oss_web/1772780931011_r5jibq.mp4
1333111,BJ-sly-tgz-EN-Love and Bloodlust at Vampire Academy-迭代-FB-视频-新形式-插入木钉-0306-1,https://hwmat-enc.ikyuedu.com/encode/onl/market/material/video/20260306/oss_web/1772780931012_uruepf.mp4
1333112,BJ-sly-tgz-EN-Love and Bloodlust at Vampire Academy-迭代-FB-视频-新形式-浴室霸凌-0306-3,https://hwmat-enc.ikyuedu.com/encode/onl/market/material/video/20260306/oss_web/1772780931012_m19qg8.mp4
1333128,BJ-sly-mky-EN-Love and Bloodlust at Vampire Academy-迭代-FB-视频-新形式-刺脖子-0306-1,https://hwmat-enc.ikyuedu.com/encode/onl/market/material/video/20260306/oss_web/1772781035987_qj7jl3.mp4
1333129,BJ-sly-mky-EN-Love and Bloodlust at Vampire Academy-迭代-FB-视频-新形式-植入想法-0306-4,https://hwmat-enc.ikyuedu.com/encode/onl/market/material/video/20260306/oss_web/1772781035989_a8gx7n.mp4
1333130,BJ-sly-mky-EN-Love and Bloodlust at Vampire Academy-迭代-FB-视频-解说-刺进胸膛-0306-5,https://hwmat-enc.ikyuedu.com/encode/onl/market/material/video/20260306/oss_web/1772781035985_o09gy1.mp4
1333131,BJ-sly-mky-EN-Love and Bloodlust at Vampire Academy-迭代-FB-视频-新形式-找到玛特-0306-2,https://hwmat-enc.ikyuedu.com/encode/onl/market/material/video/20260306/oss_web/1772781035989_8ukqvx.mp4
1333132,BJ-sly-mky-EN-Love and Bloodlust at Vampire Academy-迭代-FB-视频-新形式-秀恩爱-0306-3,https://hwmat-enc.ikyuedu.com/encode/onl/market/material/video/20260306/oss_web/1772781035988_wpzxjk.mp4
1333268,BJ-yy-ywj-EN-Love and Bloodlust at Vampire Academy-迭代-FB-视频-混剪-自主-306-4,https://hwmat-enc.ikyuedu.com/encode/onl/market/material/video/20260306/oss_web/1772782458114_0pls6e.mp4
1333269,BJ-yy-ywj-EN-Love and Bloodlust at Vampire Academy-迭代-FB-视频-混剪-自主-306-3,https://hwmat-enc.ikyuedu.com/encode/onl/market/material/video/20260306/oss_web/1772782458113_8scun6.mp4
1333271,BJ-yy-ywj-EN-Love and Bloodlust at Vampire Academy-迭代-FB-视频-混剪-自主-306-2,https://hwmat-enc.ikyuedu.com/encode/onl/market/material/video/20260306/oss_web/1772782458113_zejmz1.mp4
1333272,BJ-yy-ywj-EN-Love and Bloodlust at Vampire Academy-迭代-FB-视频-混剪-自主-306-1,https://hwmat-enc.ikyuedu.com/encode/onl/market/material/video/20260306/oss_web/1772782458111_thl1xb.mp4
1333298,BJ-yy-ywj-EN-Love and Bloodlust at Vampire Academy-迭代-FB-视频-混剪-自主-306-5,https://hwmat-enc.ikyuedu.com/encode/onl/market/material/video/20260306/oss_web/1772784046159_pzkp7m.mp4
1333941,BJ-yzt-zy-EN-Love and Bloodlust at Vampire Academy-迭代-FB-视频-新形式-擦肩-0306-3,https://hwmat-enc.ikyuedu.com/encode/onl/market/material/video/20260306/oss_web/1772796580522_2wnaij.mp4
1333944,BJ-yzt-zy-EN-Love and Bloodlust at Vampire Academy-迭代-FB-视频-混剪-救美-0306-1,https://hwmat-enc.ikyuedu.com/encode/onl/market/material/video/20260306/oss_web/1772796580524_s2pzbe.mp4
1334151,BJ-yy-zwy-EN-Love and Bloodlust at Vampire Academy-迭代-视频-新形式-标记-0309-01,https://hwmat-enc.ikyuedu.com/encode/onl/market/material/video/20260309/oss_web/1773024173826_61yekz.mp4
1334152,BJ-yy-zwy-EN-Love and Bloodlust at Vampire Academy-迭代-视频-混剪-宿命感-0309-01,https://hwmat-enc.ikyuedu.com/encode/onl/market/material/video/20260309/oss_web/1773024173827_zxrurn.mp4
1334344,BJ-sly-mky-EN-Love and Bloodlust at Vampire Academy-迭代-FB-视频-原剧情-0309-5,https://hwmat-enc.ikyuedu.com/encode/onl/market/material/video/20260309/oss_web/1773037721537_7twxjx.mp4
1334345,BJ-sly-mky-EN-Love and Bloodlust at Vampire Academy-迭代-FB-视频-新形式-0309-2,https://hwmat-enc.ikyuedu.com/encode/onl/market/material/video/20260309/oss_web/1773037721535_ov2vb7.mp4
1334346,BJ-sly-mky-EN-Love and Bloodlust at Vampire Academy-迭代-FB-视频-新形式-0309-1,https://hwmat-enc.ikyuedu.com/encode/onl/market/material/video/20260309/oss_web/1773037721534_8t9q4q.mp4
1334347,BJ-sly-mky-EN-Love and Bloodlust at Vampire Academy-迭代-FB-视频-新形式-0309-4,https://hwmat-enc.ikyuedu.com/encode/onl/market/material/video/20260309/oss_web/1773037721536_8zrppp.mp4
1334348,BJ-sly-mky-EN-Love and Bloodlust at Vampire Academy-迭代-FB-视频-新形式-0309-3,https://hwmat-enc.ikyuedu.com/encode/onl/market/material/video/20260309/oss_web/1773037721536_ogmcoj.mp4
1334411,BJ-zx-sy-EN-Love and Bloodlust at Vampire Academy-迭代-FB-视频-混剪-自主-AI生成-0309-1,https://hwmat-enc.ikyuedu.com/encode/onl/market/material/video/20260309/oss_web/1773040463305_v31s7t.mp4
1334412,BJ-zx-sy-EN-Love and Bloodlust at Vampire Academy-迭代-FB-视频-混剪-自主-控火-0309-2,https://hwmat-enc.ikyuedu.com/encode/onl/market/material/video/20260309/oss_web/1773040463304_ezq712.mp4
1334413,BJ-zx-sy-EN-Love and Bloodlust at Vampire Academy-迭代-FB-视频-混剪-自主-扎心-0309-3,https://hwmat-enc.ikyuedu.com/encode/onl/market/material/video/20260309/oss_web/1773040463306_t969dj.mp4
1334414,BJ-zx-sy-EN-Love and Bloodlust at Vampire Academy-迭代-FB-视频-混剪-自主-抹脖子-0309-5,https://hwmat-enc.ikyuedu.com/encode/onl/market/material/video/20260309/oss_web/1773040463307_b13lwl.mp4
1334415,BJ-zx-sy-EN-Love and Bloodlust at Vampire Academy-迭代-FB-视频-混剪-自主-女二控制-0309-4,https://hwmat-enc.ikyuedu.com/encode/onl/market/material/video/20260309/oss_web/1773040463306_crv8py.mp4
1334684,BJ-csh-pzy-EN- Love and Bloodlust at Vampire Academy-迭代-FB-视频-新形式-擦边-0309-01,https://hwmat-enc.ikyuedu.com/encode/onl/market/material/video/20260309/oss_web/1773046847995_nzu6iu.mp4
1334685,BJ-csh-pzy-EN- Love and Bloodlust at Vampire Academy-迭代-FB-视频-新形式-血-0309-02,https://hwmat-enc.ikyuedu.com/encode/onl/market/material/video/20260309/oss_web/1773046847996_jjgso6.mp4
1334703,BJ-csh-pzy-EN- Love and Bloodlust at Vampire Academy-迭代-FB-视频-混剪-暧昧-0309-03,https://hwmat-enc.ikyuedu.com/encode/onl/market/material/video/20260309/oss_web/1773046982095_1nieb7.mp4
1334712,BJ-csh-pzy-EN- Love and Bloodlust at Vampire Academy-迭代-FB-视频-新形式-心动-0309-04,https://hwmat-enc.ikyuedu.com/encode/onl/market/material/video/20260309/oss_web/1773047209275_7gjxee.mp4
1334713,BJ-csh-pzy-EN- Love and Bloodlust at Vampire Academy-迭代-FB-视频-解说-同桌-0309-05,https://hwmat-enc.ikyuedu.com/encode/onl/market/material/video/20260309/oss_web/1773047312016_wka0ip.mp4
1336508,BJ-yy-EN-别惹真千金，她气运加身-新剧-FB-AI生成-提醒-0310-8,https://hwmat-enc.ikyuedu.com/encode/onl/market/material/video/20260310/oss_web/1773155745546_137jb6.mp4
1336509,BJ-yy-EN-别惹真千金，她气运加身-新剧-FB-AI生成-偏心-0310-5,https://hwmat-enc.ikyuedu.com/encode/onl/market/material/video/20260310/oss_web/1773155745540_duj6x3.mp4
1336510,BJ-yy-EN-别惹真千金，她气运加身-新剧-FB-AI生成-提醒-0310-9,https://hwmat-enc.ikyuedu.com/encode/onl/market/material/video/20260310/oss_web/1773155745547_0pd4wk.mp4
1336540,BJ-yy-EN-别惹真千金，她气运加身-新剧-FB-原剧情-原来-0310-14,https://hwmat-enc.ikyuedu.com/encode/onl/market/material/video/20260310/oss_web/1773156316654_jee7lj.mp4
1336541,BJ-yy-EN-别惹真千金，她气运加身-新剧-FB-原剧情-是谁-0310-13,https://hwmat-enc.ikyuedu.com/encode/onl/market/material/video/20260310/oss_web/1773156280845_oclarw.mp4
1336542,BJ-yy-EN-别惹真千金，她气运加身-新剧-FB-原剧情-回到-0310-3,https://hwmat-enc.ikyuedu.com/encode/onl/market/material/video/20260310/oss_web/1773156280842_f7yxek.mp4
1336543,BJ-yy-EN-别惹真千金，她气运加身-新剧-FB-原剧情-夫人-0310-11,https://hwmat-enc.ikyuedu.com/encode/onl/market/material/video/20260310/oss_web/1773156280839_gs8r23.mp4
1336544,BJ-yy-EN-别惹真千金，她气运加身-新剧-FB-原剧情-重来-0310-1,https://hwmat-enc.ikyuedu.com/encode/onl/market/material/video/20260310/oss_web/1773156331020_r48j8h.mp4
1336845,DX-xxy-lch-cyl-EN-短剧-别惹真千金，她气运加身-新剧-FB-视频-原剧情-0310-02,https://hwmat-enc.ikyuedu.com/encode/luoch@dianzhong.com/files/upload_folder/3/别惹真千金，她气运加身/yuan/DX-xxy-lch-cyl-EN-短剧-别惹真千金，她气运加身-新剧-FB-视频-原剧情-0310-02.mp4
1336846,DX-xxy-lch-cyl-EN-短剧-别惹真千金，她气运加身-新剧-FB-视频-原剧情-0310-03,https://hwmat-enc.ikyuedu.com/encode/luoch@dianzhong.com/files/upload_folder/3/别惹真千金，她气运加身/yuan/DX-xxy-lch-cyl-EN-短剧-别惹真千金，她气运加身-新剧-FB-视频-原剧情-0310-03.mp4
1336847,DX-xxy-lch-cyl-EN-短剧-别惹真千金，她气运加身-新剧-FB-视频-原剧情-0310-04,https://hwmat-enc.ikyuedu.com/encode/luoch@dianzhong.com/files/upload_folder/3/别惹真千金，她气运加身/yuan/DX-xxy-lch-cyl-EN-短剧-别惹真千金，她气运加身-新剧-FB-视频-原剧情-0310-04.mp4
1337079,BJ-lzy-EN-让你去和亲，你在敌国登基了-新剧-FB-视频-AI生成-0310-10,https://hwmat-enc.ikyuedu.com/encode/lizy03@dianzhong.com/files/upload_folder/三月/0310/3月10日/BJ-lzy-EN-让你去和亲，你在敌国登基了-新剧-FB-视频-AI生成-0310-10.mp4
1337080,BJ-lzy-EN-让你去和亲，你在敌国登基了-新剧-FB-视频-AI生成-0310-6,https://hwmat-enc.ikyuedu.com/encode/lizy03@dianzhong.com/files/upload_folder/三月/0310/3月10日/BJ-lzy-EN-让你去和亲，你在敌国登基了-新剧-FB-视频-AI生成-0310-6.mp4
1337081,BJ-lzy-EN-让你去和亲，你在敌国登基了-新剧-FB-视频-AI生成-0310-7,https://hwmat-enc.ikyuedu.com/encode/lizy03@dianzhong.com/files/upload_folder/三月/0310/3月10日/BJ-lzy-EN-让你去和亲，你在敌国登基了-新剧-FB-视频-AI生成-0310-7.mp4
1337082,BJ-lzy-EN-让你去和亲，你在敌国登基了-新剧-FB-视频-AI生成-0310-8,https://hwmat-enc.ikyuedu.com/encode/lizy03@dianzhong.com/files/upload_folder/三月/0310/3月10日/BJ-lzy-EN-让你去和亲，你在敌国登基了-新剧-FB-视频-AI生成-0310-8.mp4
1337083,BJ-lzy-EN-让你去和亲，你在敌国登基了-新剧-FB-视频-AI生成-0310-9,https://hwmat-enc.ikyuedu.com/encode/lizy03@dianzhong.com/files/upload_folder/三月/0310/3月10日/BJ-lzy-EN-让你去和亲，你在敌国登基了-新剧-FB-视频-AI生成-0310-9.mp4
1337084,BJ-lzy-EN-让你去和亲，你在敌国登基了-新剧-FB-视频-原剧情-0310-1,https://hwmat-enc.ikyuedu.com/encode/lizy03@dianzhong.com/files/upload_folder/三月/0310/3月10日/BJ-lzy-EN-让你去和亲，你在敌国登基了-新剧-FB-视频-原剧情-0310-1.mp4
1337085,BJ-lzy-EN-让你去和亲，你在敌国登基了-新剧-FB-视频-原剧情-0310-2,https://hwmat-enc.ikyuedu.com/encode/lizy03@dianzhong.com/files/upload_folder/三月/0310/3月10日/BJ-lzy-EN-让你去和亲，你在敌国登基了-新剧-FB-视频-原剧情-0310-2.mp4
1337086,BJ-lzy-EN-让你去和亲，你在敌国登基了-新剧-FB-视频-原剧情-0310-4,https://hwmat-enc.ikyuedu.com/encode/lizy03@dianzhong.com/files/upload_folder/三月/0310/3月10日/BJ-lzy-EN-让你去和亲，你在敌国登基了-新剧-FB-视频-原剧情-0310-4.mp4
1337087,BJ-lzy-EN-让你去和亲，你在敌国登基了-新剧-FB-视频-原剧情-0310-5,https://hwmat-enc.ikyuedu.com/encode/lizy03@dianzhong.com/files/upload_folder/三月/0310/3月10日/BJ-lzy-EN-让你去和亲，你在敌国登基了-新剧-FB-视频-原剧情-0310-5.mp4
1337088,BJ-lzy-EN-让你去和亲，你在敌国登基了-新剧-FB-视频-原剧情-0310-3,https://hwmat-enc.ikyuedu.com/encode/lizy03@dianzhong.com/files/upload_folder/三月/0310/3月10日/BJ-lzy-EN-让你去和亲，你在敌国登基了-新剧-FB-视频-原剧情-0310-3.mp4
1337414,DX-myy-lx-EN-短剧-让你去和亲，你在敌国登基了-新剧-fb tt-视频-AI生成-0310-1,https://hwmat-enc.ikyuedu.com/encode/liuxin@dianzhong.com/files/upload_folder/3月/英翻/让你去和亲，你在敌国登基了/DX-myy-lx-EN-短剧-让你去和亲，你在敌国登基了-新剧-fb tt-视频-AI生成-0310-1.mp4
1337415,DX-myy-lx-EN-短剧-让你去和亲，你在敌国登基了-新剧-fb tt-视频-AI生成-0310-2,https://hwmat-enc.ikyuedu.com/encode/liuxin@dianzhong.com/files/upload_folder/3月/英翻/让你去和亲，你在敌国登基了/DX-myy-lx-EN-短剧-让你去和亲，你在敌国登基了-新剧-fb tt-视频-AI生成-0310-2.mp4
1337416,DX-myy-lx-EN-短剧-让你去和亲，你在敌国登基了-新剧-fb tt-视频-原剧情-0310-6,https://hwmat-enc.ikyuedu.com/encode/liuxin@dianzhong.com/files/upload_folder/3月/英翻/让你去和亲，你在敌国登基了/DX-myy-lx-EN-短剧-让你去和亲，你在敌国登基了-新剧-fb tt-视频-原剧情-0310-6.mp4
1337417,DX-myy-lx-EN-短剧-让你去和亲，你在敌国登基了-新剧-fb tt-视频-原剧情-0310-7,https://hwmat-enc.ikyuedu.com/encode/liuxin@dianzhong.com/files/upload_folder/3月/英翻/让你去和亲，你在敌国登基了/DX-myy-lx-EN-短剧-让你去和亲，你在敌国登基了-新剧-fb tt-视频-原剧情-0310-7.mp4
1337418,DX-myy-lx-EN-短剧-让你去和亲，你在敌国登基了-新剧-fb tt-视频-原剧情-0310-8,https://hwmat-enc.ikyuedu.com/encode/liuxin@dianzhong.com/files/upload_folder/3月/英翻/让你去和亲，你在敌国登基了/DX-myy-lx-EN-短剧-让你去和亲，你在敌国登基了-新剧-fb tt-视频-原剧情-0310-8.mp4
1337419,DX-myy-lx-EN-短剧-让你去和亲，你在敌国登基了-新剧-fb tt-视频-混剪-0310-10,https://hwmat-enc.ikyuedu.com/encode/liuxin@dianzhong.com/files/upload_folder/3月/英翻/让你去和亲，你在敌国登基了/DX-myy-lx-EN-短剧-让你去和亲，你在敌国登基了-新剧-fb tt-视频-混剪-0310-10.mp4
1337420,DX-myy-lx-EN-短剧-让你去和亲，你在敌国登基了-新剧-fb tt-视频-混剪-0310-9,https://hwmat-enc.ikyuedu.com/encode/liuxin@dianzhong.com/files/upload_folder/3月/英翻/让你去和亲，你在敌国登基了/DX-myy-lx-EN-短剧-让你去和亲，你在敌国登基了-新剧-fb tt-视频-混剪-0310-9.mp4
1337421,DX-myy-lx-EN-短剧-让你去和亲，你在敌国登基了-新剧-fb tt-视频-解说-0310-3,https://hwmat-enc.ikyuedu.com/encode/liuxin@dianzhong.com/files/upload_folder/3月/英翻/让你去和亲，你在敌国登基了/DX-myy-lx-EN-短剧-让你去和亲，你在敌国登基了-新剧-fb tt-视频-解说-0310-3.mp4
1337422,DX-myy-lx-EN-短剧-让你去和亲，你在敌国登基了-新剧-fb tt-视频-解说-0310-4,https://hwmat-enc.ikyuedu.com/encode/liuxin@dianzhong.com/files/upload_folder/3月/英翻/让你去和亲，你在敌国登基了/DX-myy-lx-EN-短剧-让你去和亲，你在敌国登基了-新剧-fb tt-视频-解说-0310-4.mp4
1337423,DX-myy-lx-EN-短剧-让你去和亲，你在敌国登基了-新剧-fb tt-视频-解说-0310-5,https://hwmat-enc.ikyuedu.com/encode/liuxin@dianzhong.com/files/upload_folder/3月/英翻/让你去和亲，你在敌国登基了/DX-myy-lx-EN-短剧-让你去和亲，你在敌国登基了-新剧-fb tt-视频-解说-0310-5.mp4
1337511,BJ-yhy-zwy-EN-Love and Bloodlust at Vampire Academy-迭代-视频-混剪-kiss-0311-01,https://hwmat-enc.ikyuedu.com/encode/onl/market/material/video/20260311/oss_web/1773194912130_lvefbv.mp4
1337512,BJ-yhy-zwy-EN-Love and Bloodlust at Vampire Academy-迭代-视频-解说-结契1-0311-01,https://hwmat-enc.ikyuedu.com/encode/onl/market/material/video/20260311/oss_web/1773194912130_b9pdy7.mp4
1337513,BJ-yhy-zwy-EN-Love and Bloodlust at Vampire Academy-迭代-视频-解说-结契2-0311-01,https://hwmat-enc.ikyuedu.com/encode/onl/market/material/video/20260311/oss_web/1773194912131_c75ves.mp4
1337514,BJ-yhy-zwy-EN-Love and Bloodlust at Vampire Academy-迭代-视频-混剪-血契-0311-01,https://hwmat-enc.ikyuedu.com/encode/onl/market/material/video/20260311/oss_web/1773194912129_m1257s.mp4
1337515,BJ-yhy-zwy-EN-Love and Bloodlust at Vampire Academy-迭代-视频-混剪-初次-0311-01,https://hwmat-enc.ikyuedu.com/encode/onl/market/material/video/20260311/oss_web/1773194912128_yz4r7y.mp4
1337585,BJ-sly-sy-EN-Watch Out! I Call the Final Shots-迭代-FB-视频-解说- AI生成-胖男人发财-0311-3,https://hwmat-enc.ikyuedu.com/encode/onl/market/material/video/20260311/oss_web/1773199618444_74xdir.mp4
1337586,BJ-sly-sy-EN-Watch Out! I Call the Final Shots-迭代-FB-视频-解说- AI生成-胖男人发财-0311-5,https://hwmat-enc.ikyuedu.com/encode/onl/market/material/video/20260311/oss_web/1773199618445_mj0g2h.mp4
1337589,BJ-sly-sy-EN-Watch Out! I Call the Final Shots-迭代-FB-视频-解说- AI生成-胖男人发财-0311-1,https://hwmat-enc.ikyuedu.com/encode/onl/market/material/video/20260311/oss_web/1773199618443_wily2y.mp4
